Id,Label,timeset,Degree,Weighted Degree,Eccentricity,closnesscentrality,harmonicclosnesscentrality,betweenesscentrality,Authority,Hub,modularity_class,pageranks,componentnumber,clustering,triangles,eigencentrality
Jesus/Jesus Kristus,,,405,9859,3,0.750627,0.836672,39839.452724,0.19717,0.197169,0,0.021025,0,0.088437,7235,1
Paulus/Saulus,,,182,3486,4,0.577628,0.646216,2850.001301,0.139979,0.139979,0,0.008123,0,0.233805,3851,0.689483
Lukas,,,130,1481,4,0.545041,0.600028,1221.863943,0.114046,0.114046,5,0.005701,0,0.313417,2628,0.55883
Stefanus,,,107,195,4,0.533868,0.580829,2023.971305,0.082218,0.082218,3,0.005138,0,0.241933,1372,0.409304
Jens,,,90,123,4,0.521777,0.564135,1464.853713,0.063553,0.063553,3,0.004398,0,0.217478,871,0.319681
Ingemann,,,39,53,4,0.489379,0.514608,220.838326,0.031215,0.031215,3,0.002023,0,0.273954,203,0.157007
Adam,,,77,1151,4,0.514163,0.55217,312.229475,0.081846,0.081846,2,0.003393,0,0.477444,1397,0.398532
Eva,,,114,748,4,0.536258,0.586116,803.884954,0.103553,0.103553,2,0.005023,0,0.336438,2167,0.507703
Esajas,,,133,1119,4,0.548535,0.603645,1117.87464,0.117295,0.117295,1,0.005818,0,0.313967,2756,0.575045
Gud,,,126,651,4,0.544545,0.597524,1329.21153,0.112138,0.112138,1,0.005607,0,0.323429,2547,0.549375
H.C . Andersen/Andersen,,,113,296,4,0.534344,0.584446,901.869482,0.10418,0.10418,4,0.004992,0,0.349399,2211,0.510168
Maria,,,81,2765,4,0.519514,0.557735,270.015152,0.087767,0.087767,0,0.003542,0,0.488272,1582,0.427601
Josef,,,101,1391,4,0.529152,0.574708,1107.087581,0.094642,0.094642,0,0.004537,0,0.364356,1840,0.463246
Augustus/Kejser Augustus,,,95,265,3,0.527289,0.570117,626.1076,0.090246,0.090246,1,0.004276,0,0.379395,1694,0.441784
Hyrderne,,,42,94,4,0.48502,0.513356,60.175091,0.044646,0.044647,1,0.001943,0,0.473868,408,0.217947
Balthazar,,,19,57,4,0.460415,0.482471,14.908656,0.020643,0.020643,4,0.001035,0,0.54386,93,0.101643
August,,,35,40,4,0.480353,0.506121,155.272521,0.028135,0.028135,4,0.001811,0,0.27563,164,0.140636
Melchior,,,34,84,4,0.47502,0.501809,210.823985,0.029107,0.029107,4,0.001775,0,0.320856,180,0.144903
Artaban,,,5,8,4,0.423023,0.44296,0.176422,0.006603,0.006603,4,0.000457,0,0.8,8,0.03314
Herren,,,293,1492,3,0.656079,0.742348,14410.367563,0.174035,0.174034,1,0.013926,0,0.134859,5769,0.871372
Thomas,,,94,509,4,0.5259,0.568865,671.936066,0.091494,0.091494,4,0.004199,0,0.391215,1710,0.447739
Satan,,,86,314,4,0.515935,0.558292,284.620052,0.087433,0.087433,1,0.00374,0,0.435294,1591,0.426479
Storm P/Storm,,,85,158,4,0.517718,0.558848,1061.578108,0.076045,0.076045,4,0.00392,0,0.32381,1156,0.374404
Martin A . Hansen,,,102,189,4,0.528219,0.574708,716.177464,0.093283,0.093283,4,0.004542,0,0.342264,1763,0.458776
Ivan,,,12,15,4,0.427247,0.450612,5.769521,0.011886,0.011886,4,0.000749,0,0.348485,23,0.058632
Gunnar,,,19,26,4,0.468335,0.488175,194.317522,0.019058,0.019058,4,0.001157,0,0.385965,66,0.094979
Khalid,,,2,5,5,0.339955,0.350362,0.188889,0.000997,0.000997,4,0.000343,0,0,0,0.005035
Peter den,,,63,101,4,0.505485,0.538815,780.65514,0.055003,0.055003,3,0.003086,0,0.306196,598,0.271933
Benny Andersen,,,73,138,3,0.511092,0.547858,462.686632,0.066562,0.066562,4,0.003353,0,0.343607,903,0.328113
Jan Lindhardt,,,38,54,4,0.488183,0.513216,86.84967,0.041076,0.041076,4,0.001839,0,0.446657,314,0.203212
N.F.S. Grundtvig,,,206,1081,4,0.592483,0.666806,5506.629742,0.14863,0.148629,1,0.009568,0,0.205494,4339,0.735544
Søren Kierkegaard,,,158,541,4,0.559813,0.623678,2678.520567,0.123721,0.123721,1,0.007131,0,0.247521,3070,0.609682
Augustin,,,72,125,4,0.508058,0.545632,497.973671,0.066474,0.066474,1,0.003391,0,0.356416,911,0.32678
Holger,,,30,43,3,0.484236,0.505843,61.885986,0.032669,0.032669,3,0.001527,0,0.473563,206,0.16186
Anders Stjernholm,,,7,7,5,0.400937,0.423122,40.390669,0.006383,0.006383,7,0.000604,0,0.428571,9,0.031337
Martin Luther,,,214,1228,4,0.599,0.674318,6293.308131,0.147349,0.147349,1,0.009974,0,0.184459,4204,0.73138
Freud,,,14,15,4,0.455167,0.475237,30.958239,0.014439,0.014439,7,0.000886,0,0.417582,38,0.072232
Palle,,,19,23,4,0.472025,0.491096,23.143786,0.022025,0.022025,3,0.001077,0,0.467836,80,0.109941
Kain,,,110,303,4,0.5315,0.581107,1496.108279,0.081546,0.081546,2,0.005083,0,0.228023,1367,0.405801
Abel,,,68,355,4,0.504634,0.54118,96.883115,0.075588,0.075588,2,0.00293,0,0.545215,1242,0.36611
Faderen/Fader,,,109,568,4,0.534821,0.582499,1344.412206,0.10261,0.10261,1,0.004959,0,0.367312,2162,0.501743
Desmond Tutu,,,65,115,4,0.508058,0.541597,608.778575,0.06147,0.06147,7,0.003036,0,0.362981,755,0.303919
Johannes,,,149,3823,4,0.556691,0.617001,2019.45223,0.120134,0.120134,0,0.006668,0,0.261019,2878,0.591119
Kristus,,,204,2892,4,0.59073,0.664858,4408.255909,0.14445,0.14445,0,0.009247,0,0.194774,4033,0.714983
Johannes Døberen,,,113,1047,4,0.535299,0.585003,701.06786,0.106953,0.106953,5,0.004915,0,0.369469,2338,0.523012
Martha,,,79,422,4,0.511966,0.551892,557.936904,0.07567,0.07567,5,0.0036,0,0.378124,1165,0.371071
Peter/Simon Peter,,,131,2509,4,0.544545,0.600306,2629.781649,0.108513,0.108513,0,0.00615,0,0.277041,2359,0.533491
Herodes,,,120,721,4,0.540126,0.591681,1093.652657,0.108436,0.108436,1,0.005276,0,0.339776,2426,0.530484
Arne Haugen Sørensen,,,60,93,4,0.503361,0.535754,249.970591,0.061782,0.061782,4,0.002723,0,0.433333,767,0.302826
Vincent van Gogh,,,44,64,4,0.492194,0.519338,218.889017,0.041673,0.041673,4,0.002191,0,0.368922,349,0.20601
Albert Einstein,,,35,54,4,0.4792,0.505287,687.712941,0.035644,0.035644,1,0.001908,0,0.42521,253,0.175378
Erik,,,65,89,4,0.505485,0.540067,530.091,0.056022,0.056022,4,0.003117,0,0.295673,615,0.277971
Hans Anker Jørgensen,,,226,836,4,0.605662,0.684057,6993.645418,0.151714,0.151714,3,0.010472,0,0.175261,4456,0.754932
Jakob Knudsen,,,42,58,4,0.49179,0.518086,114.155506,0.044495,0.044495,4,0.002039,0,0.447154,385,0.219836
Lars Lilholt,,,18,31,4,0.465785,0.485949,11.812044,0.020363,0.020363,4,0.000998,0,0.503268,77,0.100925
Moses,,,273,1176,4,0.638593,0.724402,11194.132307,0.167647,0.167647,3,0.013005,0,0.144743,5374,0.838254
Rasmus,,,35,42,4,0.485807,0.509878,109.542817,0.034994,0.034994,3,0.001745,0,0.415126,247,0.174107
Abraham,,,87,1012,4,0.519064,0.560935,1242.429569,0.084961,0.084961,5,0.004081,0,0.395616,1480,0.4153
Sara,,,63,184,4,0.505059,0.538536,669.473531,0.070123,0.070123,1,0.002912,0,0.529442,1034,0.341595
Elisabeth,,,77,261,4,0.512842,0.551336,338.816392,0.079374,0.079374,1,0.003414,0,0.443267,1297,0.387732
Matthæus,,,132,1131,4,0.547032,0.602254,1779.001159,0.114874,0.114874,5,0.005973,0,0.309045,2672,0.562358
David/Kong David,,,122,885,4,0.541102,0.59335,957.880752,0.109903,0.109903,1,0.005368,0,0.332611,2455,0.538623
Zakarias,,,67,415,4,0.505059,0.540902,68.004207,0.079206,0.079206,1,0.002874,0,0.608774,1346,0.383878
Djævelen,,,98,589,4,0.527289,0.571925,477.691504,0.096629,0.096629,2,0.004295,0,0.404587,1923,0.471883
Markus,,,161,446,4,0.567773,0.629521,4858.446908,0.117204,0.117204,3,0.007619,0,0.210326,2709,0.580914
Simon,,,99,520,4,0.528219,0.573038,614.610526,0.095578,0.095578,5,0.004381,0,0.389198,1888,0.467119
Menneskesøn/Menneskesønnen,,,86,385,4,0.519965,0.560796,605.684681,0.089153,0.089153,1,0.003842,0,0.446785,1633,0.434789
Halfdan Rasmussen,,,48,76,4,0.492599,0.521842,136.448744,0.052389,0.052389,4,0.002219,0,0.487589,550,0.256445
Steffen Brandt,,,31,40,4,0.479968,0.503617,64.741323,0.032597,0.032597,3,0.001562,0,0.430108,200,0.161542
Jesper,,,27,32,4,0.474268,0.497218,91.523164,0.025592,0.025592,3,0.001416,0,0.350427,123,0.1278
Stein Bagger,,,29,36,4,0.476531,0.5,67.534019,0.029672,0.029672,4,0.001501,0,0.438424,178,0.147676
Johan,,,39,55,4,0.485807,0.512243,141.894291,0.033353,0.033353,3,0.001976,0,0.31444,233,0.166993
Poul,,,74,131,4,0.515047,0.551057,347.163586,0.065195,0.065195,3,0.003376,0,0.324324,876,0.32384
Filip,,,74,259,4,0.511529,0.548831,409.991449,0.067724,0.067724,3,0.003409,0,0.336542,909,0.334292
Andreas,,,85,236,4,0.517271,0.55857,889.950181,0.067801,0.067801,3,0.004034,0,0.260224,929,0.337409
Piet Hein,,,41,56,4,0.492599,0.518086,99.990532,0.040732,0.040732,4,0.001977,0,0.412195,338,0.201972
Møller,,,18,22,4,0.471282,0.489983,8.979898,0.022606,0.022606,3,0.000999,0,0.633987,97,0.112788
Kim Larsen,,,29,47,4,0.481511,0.503478,67.340386,0.027093,0.027093,3,0.001499,0,0.37931,154,0.135569
Jomfru Maria,,,77,143,4,0.517271,0.554118,569.557268,0.067854,0.067854,3,0.003585,0,0.330485,967,0.335868
Rabbi,,,48,99,4,0.497095,0.525042,239.588644,0.045245,0.045245,3,0.002322,0,0.375887,424,0.224892
Messias,,,93,167,4,0.522232,0.566082,1076.753836,0.078048,0.078048,3,0.004338,0,0.293128,1254,0.385679
Nathanael,,,47,103,4,0.494224,0.522538,222.868269,0.040028,0.040028,3,0.002298,0,0.310823,336,0.200305
Philip Yancey,,,15,21,4,0.465785,0.484418,29.507712,0.016306,0.016306,3,0.000937,0,0.457143,48,0.082237
Cranach,,,6,12,5,0.421238,0.44246,1.191201,0.007572,0.007572,3,0.000509,0,0.6,9,0.037804
Lazarus,,,51,636,4,0.496683,0.526433,427.442406,0.060567,0.060567,5,0.002348,0,0.589804,752,0.295086
Farisæerne,,,44,89,4,0.487785,0.516416,84.354069,0.044676,0.044676,1,0.002076,0,0.429175,406,0.219726
Søren Ulrik Thomsen,,,75,148,4,0.512404,0.549944,388.953413,0.072846,0.072846,4,0.003416,0,0.377658,1048,0.3578
John,,,71,104,4,0.513722,0.548553,1057.773403,0.062001,0.062001,3,0.003447,0,0.30664,762,0.308179
Nietzsche,,,33,47,4,0.484628,0.508069,113.252616,0.030701,0.030701,3,0.001716,0,0.359848,190,0.153879
Jakob,,,116,1177,4,0.539154,0.588898,1210.81952,0.102604,0.102604,0,0.005204,0,0.31934,2130,0.503115
Anna,,,71,233,4,0.510221,0.546466,458.583496,0.073256,0.073256,1,0.003245,0,0.452716,1125,0.3583
Kim,,,29,36,4,0.4792,0.501948,68.226481,0.027832,0.027832,3,0.001482,0,0.399015,162,0.138838
Simeon,,,60,118,4,0.507197,0.538258,980.764704,0.044508,0.044508,3,0.003036,0,0.244633,433,0.224722
Theodor,,,15,15,4,0.45586,0.476628,62.989619,0.01064,0.01064,3,0.00097,0,0.2,21,0.054216
Villads,,,10,10,4,0.444692,0.464385,15.199172,0.00728,0.00728,4,0.000734,0,0.266667,12,0.037242
Ole,,,66,95,4,0.511092,0.544101,486.133427,0.05594,0.05594,3,0.003122,0,0.299767,643,0.279314
Job,,,59,155,4,0.499583,0.532832,158.213014,0.062235,0.062236,1,0.002654,0,0.466394,798,0.303952
Sand,,,55,77,4,0.5,0.530885,280.835491,0.048956,0.048956,3,0.00266,0,0.321212,477,0.243503
Barack Obama,,,54,75,4,0.497508,0.52852,258.343516,0.050985,0.050985,7,0.002547,0,0.362683,519,0.251578
Osama Bin Laden,,,19,31,4,0.471654,0.490818,42.468175,0.023299,0.023299,7,0.001044,0,0.567251,97,0.115439
Judas,,,184,471,4,0.578744,0.647885,5061.850598,0.123395,0.123395,3,0.008717,0,0.178368,3003,0.615085
Antikrist,,,21,25,4,0.461124,0.48414,37.676464,0.020122,0.020122,3,0.00116,0,0.4,84,0.100472
Martin,,,74,106,4,0.512842,0.549805,633.887304,0.060265,0.060265,3,0.003535,0,0.280637,758,0.300126
Andres,,,18,21,4,0.469068,0.488314,67.913826,0.018149,0.018149,3,0.001081,0,0.366013,56,0.091332
Jonas,,,58,238,4,0.502096,0.533945,191.655778,0.065757,0.065757,1,0.002595,0,0.549909,909,0.32035
Olsen,,,48,59,4,0.493817,0.522677,373.337575,0.040887,0.040887,3,0.002417,0,0.306738,346,0.204137
Karl Ove Knausgård,,,33,56,4,0.481124,0.505426,71.575806,0.035195,0.035195,7,0.001635,0,0.448864,237,0.173155
Barnet,,,17,18,4,0.463981,0.483723,13.522652,0.016124,0.016124,3,0.000965,0,0.330882,45,0.080704
Tolderen,,,19,50,4,0.470912,0.490262,10.569411,0.023813,0.023813,6,0.001029,0,0.625731,107,0.117709
Farisæeren,,,22,44,4,0.474268,0.494435,49.579236,0.024788,0.024788,6,0.001194,0,0.545455,126,0.123284
Halfdan,,,8,13,4,0.45586,0.472454,16.831018,0.008642,0.008642,4,0.000611,0,0.464286,13,0.044205
Niels/Nils,,,89,127,4,0.520417,0.562743,707.456766,0.079305,0.079305,4,0.004059,0,0.3238,1268,0.391362
Hansen,,,59,79,4,0.505059,0.536311,643.676817,0.048394,0.048394,3,0.002944,0,0.284629,487,0.242725
Elisa,,,32,49,4,0.487785,0.509599,96.279577,0.030829,0.030829,3,0.001639,0,0.352823,175,0.154011
Mark Twain,,,46,58,4,0.495451,0.522677,877.148076,0.041279,0.041279,3,0.002438,0,0.332367,344,0.205375
Frans af Assisi/Frans,,,47,91,4,0.494633,0.522677,143.260514,0.050948,0.050948,1,0.002205,0,0.471785,510,0.249858
Louise,,,29,38,4,0.475774,0.499583,88.878204,0.024666,0.024666,3,0.00153,0,0.312808,127,0.123833
Lise,,,40,43,4,0.485807,0.512938,195.66533,0.03632,0.03632,3,0.001976,0,0.35,273,0.180459
Ingrid,,,31,37,4,0.478053,0.502504,68.704288,0.026837,0.026837,3,0.001592,0,0.348387,162,0.135152
Henrik,,,91,133,4,0.524518,0.566361,1494.832298,0.07135,0.07135,3,0.004367,0,0.249328,1021,0.355534
Martin Luther King,,,49,71,4,0.499167,0.526989,436.101411,0.04111,0.04111,3,0.002424,0,0.306973,361,0.205898
Salomon/Salomo,,,65,141,4,0.504209,0.539232,151.459475,0.069628,0.069628,1,0.002886,0,0.479327,997,0.339611
Selma Lagerlöf,,,37,55,4,0.487785,0.512521,112.480933,0.040675,0.040675,4,0.001785,0,0.498498,332,0.199264
Bodil Jørgensen,,,17,18,4,0.461124,0.481636,46.657542,0.015188,0.015188,3,0.001013,0,0.330882,45,0.076554
Sisyfos,,,11,12,5,0.388709,0.412827,13.217979,0.006004,0.006004,3,0.000761,0,0.181818,10,0.030124
Moren,,,36,45,4,0.49018,0.513634,98.466709,0.033228,0.033228,3,0.0018,0,0.361905,228,0.16599
Jeremias,,,84,290,4,0.519965,0.559683,439.219629,0.083591,0.083591,1,0.00376,0,0.403328,1406,0.40952
Isak,,,92,194,4,0.525439,0.567474,1531.168695,0.068824,0.068824,3,0.00444,0,0.238414,998,0.343546
Farao,,,30,66,4,0.464341,0.491653,149.470504,0.02261,0.02261,3,0.001695,0,0.262069,114,0.113657
Per,,,39,54,4,0.48502,0.511964,315.570106,0.030007,0.030007,3,0.00203,0,0.251012,186,0.150767
Nikodemus,,,23,73,4,0.478817,0.498331,22.716691,0.030046,0.030046,1,0.001198,0,0.644269,163,0.148215
Preben Kok,,,40,54,3,0.491386,0.516416,491.97863,0.03832,0.03832,3,0.0021,0,0.353846,276,0.191024
Rene,,,14,15,4,0.457252,0.477323,8.830001,0.017738,0.017738,4,0.00083,0,0.615385,56,0.08746
Astrid,,,10,11,4,0.4497,0.468837,3.713171,0.010284,0.010284,3,0.000684,0,0.466667,21,0.05176
Peter Bastian,,,25,31,4,0.470173,0.493322,72.947323,0.023757,0.023757,3,0.001327,0,0.366667,110,0.11851
Magnus,,,32,35,4,0.482287,0.505843,85.893885,0.024965,0.024965,3,0.001645,0,0.302419,150,0.12675
Lea,,,21,35,4,0.464701,0.486923,24.017702,0.019317,0.019317,3,0.001141,0,0.390476,82,0.096936
Tage,,,90,139,4,0.522688,0.56483,1255.14567,0.072092,0.072092,3,0.004286,0,0.263421,1055,0.358654
Linda,,,7,8,4,0.442066,0.460768,1.790586,0.007642,0.007642,3,0.000551,0,0.619048,13,0.038756
Adolf Hitler,,,102,297,4,0.526825,0.573873,1055.337604,0.094368,0.094368,7,0.0046,0,0.353912,1823,0.461931
Dietrich Bonhoeffer,,,41,116,4,0.48898,0.515582,49.466104,0.04641,0.04641,7,0.001907,0,0.49878,409,0.228319
Samuel,,,39,47,4,0.475397,0.504869,221.697224,0.030029,0.030029,3,0.002013,0,0.259109,192,0.150333
Vladimir,,,7,7,4,0.44272,0.461324,10.686625,0.005816,0.005816,3,0.000581,0,0.238095,5,0.030079
Moder Theresa,,,34,53,4,0.481511,0.506539,43.102836,0.038216,0.038217,3,0.001634,0,0.509804,286,0.187601
Maria Magdalene,,,94,363,4,0.525439,0.568587,715.19855,0.086893,0.086893,4,0.004258,0,0.348433,1523,0.426397
Brian,,,29,37,4,0.484236,0.505426,375.526849,0.029552,0.029552,3,0.001586,0,0.423645,172,0.147512
Kjeld Holm,,,45,54,4,0.492194,0.520033,139.061435,0.037181,0.037181,3,0.002178,0,0.292929,290,0.185977
Hanne,,,24,28,4,0.467239,0.490401,66.267874,0.01798,0.01798,3,0.001315,0,0.253623,70,0.090938
Thomas Kingo,,,69,139,4,0.510221,0.545214,173.201327,0.072623,0.072623,1,0.003065,0,0.455243,1068,0.355383
Larsen,,,39,49,4,0.467969,0.499722,159.264823,0.030074,0.030074,3,0.00199,0,0.261808,194,0.149627
Forrest,,,8,9,4,0.423621,0.445047,2.439638,0.00865,0.00865,3,0.000591,0,0.428571,12,0.043008
Tom,,,29,40,4,0.475774,0.499583,153.457926,0.024284,0.024284,3,0.001594,0,0.283251,115,0.122095
Aron,,,22,40,4,0.447683,0.473845,128.338177,0.014481,0.014481,3,0.001291,0,0.242424,56,0.073798
William,,,40,49,4,0.48898,0.515164,875.659508,0.029426,0.029426,3,0.002279,0,0.215385,168,0.148634
Elias,,,82,376,4,0.512404,0.553979,236.421947,0.08743,0.08743,1,0.003561,0,0.483589,1606,0.424939
Iben Krogsdal,,,54,65,4,0.494633,0.526711,491.8073,0.042536,0.042536,3,0.002682,0,0.257862,369,0.211528
Andrea,,,12,12,4,0.451735,0.47148,14.066295,0.009347,0.009347,3,0.00078,0,0.287879,19,0.047694
Simon Kvamm,,,15,15,4,0.462191,0.481636,7.523935,0.017242,0.017242,3,0.000881,0,0.571429,60,0.086042
Lars von Triers,,,32,40,4,0.478053,0.502782,121.179646,0.026673,0.026673,3,0.001656,0,0.318548,158,0.133662
Lance Armstrong,,,17,19,4,0.459356,0.480523,160.734037,0.014353,0.014353,3,0.001079,0,0.272059,37,0.072359
Jean Valjean,,,22,30,4,0.474268,0.494435,12.786433,0.026567,0.026567,4,0.001144,0,0.571429,132,0.130975
Villy Sørensen,,,28,35,4,0.472397,0.496522,56.424623,0.024121,0.024121,3,0.001445,0,0.330688,125,0.120377
Helligånden,,,35,47,4,0.486596,0.510573,78.719835,0.033745,0.033745,3,0.001742,0,0.378151,225,0.167667
Søren,,,74,132,4,0.510221,0.548136,593.103681,0.070318,0.070318,4,0.003407,0,0.363199,981,0.346534
Lindhardt,,,36,44,4,0.486596,0.51113,180.476069,0.029979,0.029979,3,0.001865,0,0.295238,186,0.150849
Mads,,,49,54,4,0.487785,0.519477,325.136906,0.035578,0.035578,3,0.002452,0,0.230442,271,0.17877
Mesteren,,,30,41,4,0.474268,0.499026,56.319754,0.028268,0.028268,3,0.001521,0,0.358621,156,0.140061
Mikael/Michael,,,61,106,4,0.501675,0.535198,140.239475,0.065454,0.065454,4,0.00271,0,0.484699,887,0.318514
Rebekka,,,24,40,4,0.469804,0.492209,116.153009,0.016433,0.016433,3,0.001366,0,0.257246,71,0.084417
Marianne,,,23,26,4,0.470542,0.492209,99.621628,0.021267,0.021267,3,0.001287,0,0.312253,79,0.106508
Bach,,,30,38,4,0.480738,0.503617,152.443308,0.026521,0.026521,3,0.001631,0,0.301149,131,0.132917
Michelangelo,,,20,22,4,0.466875,0.487757,400.278374,0.01587,0.01587,3,0.001281,0,0.257895,49,0.080287
Anders Breivik,,,57,95,4,0.499167,0.531302,364.067142,0.05131,0.05131,7,0.002681,0,0.332707,531,0.25292
Englene,,,40,66,4,0.494633,0.518781,425.95551,0.039268,0.039268,3,0.002062,0,0.392308,306,0.195758
Anne,,,46,74,4,0.489779,0.51892,332.782962,0.033267,0.033267,3,0.002329,0,0.237681,246,0.167502
Englen Gabriel/Gabriel,,,76,356,4,0.512404,0.550501,312.945198,0.085902,0.085902,1,0.003309,0,0.545614,1555,0.417335
Kurt,,,11,13,4,0.461124,0.478436,3.886864,0.014389,0.014389,3,0.000708,0,0.6,33,0.071867
Wolf,,,5,5,5,0.373441,0.392376,2.550581,0.00383,0.00383,1,0.000473,0,0.2,2,0.018835
Lars,,,48,63,4,0.490984,0.521007,750.291002,0.043596,0.043596,4,0.002452,0,0.343972,388,0.21555
Fjodor Dostojevskij,,,30,35,4,0.475774,0.499861,52.951098,0.030459,0.030459,4,0.001515,0,0.425287,185,0.150225
Kasper,,,24,38,4,0.473144,0.494574,99.230885,0.018037,0.018037,3,0.001407,0,0.268116,74,0.092248
Clint Eastwood,,,15,19,4,0.460415,0.480106,56.423515,0.012501,0.012501,3,0.000963,0,0.333333,35,0.063644
Konfirmanderne,,,49,80,4,0.494224,0.523651,211.526164,0.047672,0.047672,4,0.002358,0,0.375,441,0.235664
Tor Nørretranders,,,12,15,4,0.431246,0.454786,25.319771,0.011469,0.011469,3,0.000825,0,0.287879,19,0.056763
Bill Hybels,,,19,24,5,0.436589,0.463606,64.161972,0.015425,0.015425,3,0.001125,0,0.298246,51,0.076886
Eskil,,,5,5,5,0.397478,0.41867,1.699923,0.004082,0.004082,3,0.000476,0,0.4,4,0.020603
Stefan,,,33,52,4,0.483065,0.506956,23.367976,0.038028,0.038028,4,0.001571,0,0.549242,290,0.186963
Dan,,,27,39,4,0.476531,0.498887,150.150483,0.023357,0.023357,3,0.001495,0,0.321937,113,0.118212
Dan Turell,,,26,30,4,0.47502,0.497218,58.299963,0.02099,0.02099,3,0.001407,0,0.326154,106,0.10644
Line,,,14,18,4,0.457601,0.477323,29.329255,0.011809,0.011809,3,0.000894,0,0.274725,25,0.060006
Nelson Mandela,,,65,126,4,0.502096,0.537841,182.237978,0.06256,0.06256,7,0.002918,0,0.39375,819,0.306995
Fanden,,,41,50,4,0.489779,0.515999,148.867635,0.036832,0.036832,3,0.002052,0,0.346341,284,0.183141
Kaj Munk,,,81,164,4,0.518166,0.5569,338.714385,0.082244,0.082244,1,0.003581,0,0.423148,1371,0.40209
Johannes V . Jensen,,,25,29,4,0.476153,0.497635,168.168535,0.023262,0.023262,3,0.001371,0,0.34,102,0.116281
Peter Madsen,,,36,53,4,0.486596,0.510991,63.003918,0.039754,0.039754,3,0.001735,0,0.485714,306,0.196122
Karen Blixen,,,40,52,4,0.487388,0.513912,179.12598,0.034734,0.034734,3,0.002012,0,0.310256,242,0.173852
Marie,,,82,106,4,0.516379,0.556483,1008.662415,0.063395,0.063395,3,0.003943,0,0.249925,830,0.315866
Esau,,,35,72,4,0.470173,0.49847,213.171118,0.021794,0.021794,3,0.001902,0,0.196639,117,0.110923
Emil,,,44,79,4,0.489779,0.517807,403.056216,0.034159,0.034159,3,0.002281,0,0.263214,249,0.172008
Frederik,,,44,67,4,0.495451,0.521564,268.854379,0.034539,0.034539,3,0.002226,0,0.267442,253,0.175226
Sønnen,,,44,71,4,0.497095,0.522677,446.926383,0.043454,0.043454,3,0.002203,0,0.403805,382,0.215592
skolelæreren,,,18,24,4,0.435004,0.461185,54.848371,0.012135,0.012135,3,0.001102,0,0.222222,34,0.061225
Christian/Kristian,,,104,184,3,0.531028,0.577351,1093.571091,0.092949,0.092949,4,0.004691,0,0.32879,1761,0.456415
Nikolaj,,,31,36,4,0.479968,0.503617,711.890319,0.023963,0.023963,3,0.001863,0,0.266667,124,0.121322
Rune,,,13,16,4,0.423921,0.448247,22.94149,0.008288,0.008288,3,0.000848,0,0.141026,11,0.041953
Putin,,,39,49,4,0.48502,0.511686,228.254299,0.028025,0.028025,3,0.002037,0,0.236167,175,0.141
Darwin,,,18,22,4,0.465062,0.485531,32.19615,0.017549,0.017549,3,0.001042,0,0.359477,55,0.087944
Bang,,,52,62,4,0.495451,0.526155,349.581787,0.044421,0.044421,3,0.00255,0,0.302413,401,0.221595
Leonard Cohen,,,32,41,4,0.478817,0.503617,226.073859,0.021596,0.021596,3,0.001765,0,0.21371,106,0.109533
Tony,,,11,12,4,0.452075,0.471341,14.47707,0.008821,0.008821,3,0.000765,0,0.327273,18,0.045442
Johannes Møllehave,,,69,145,4,0.512404,0.546605,321.16303,0.07218,0.07218,4,0.003129,0,0.439898,1032,0.354198
C.S. Lewis/Lewis,,,79,165,4,0.515491,0.554118,693.277707,0.07548,0.07548,3,0.003643,0,0.375527,1157,0.370472
Holger Lissner,,,29,33,4,0.478817,0.501948,57.500754,0.028242,0.028242,3,0.001504,0,0.3867,157,0.140943
Pontius Pilatus,,,94,338,4,0.523144,0.567195,318.00628,0.097692,0.097692,1,0.00405,0,0.457332,1999,0.475873
Jan Kjærstad,,,24,37,4,0.478817,0.498748,54.991639,0.027462,0.027462,1,0.001251,0,0.514493,142,0.135589
Gartneren,,,58,107,4,0.495861,0.529772,414.010954,0.052031,0.052031,4,0.002764,0,0.329704,545,0.256238
fru Hansen,,,29,32,4,0.479584,0.502087,117.671714,0.021559,0.021559,3,0.001579,0,0.26601,108,0.109937
Engel,,,17,20,4,0.466875,0.486227,27.030605,0.01604,0.01604,3,0.001009,0,0.360294,49,0.080972
Johannes Johansen,,,42,68,4,0.489379,0.516416,254.981526,0.043112,0.043112,4,0.002101,0,0.430894,371,0.212214
Mattias/Mathias,,,30,43,4,0.477671,0.501391,41.082451,0.029744,0.029744,4,0.001499,0,0.418391,182,0.147248
Charlotte Rørth,,,33,41,4,0.482287,0.50626,181.844343,0.026367,0.026367,3,0.001762,0,0.285985,151,0.13262
Aslan,,,20,30,4,0.470173,0.490401,173.536399,0.019219,0.019219,3,0.00119,0,0.447368,85,0.096635
Omar,,,15,17,5,0.413389,0.440373,32.168008,0.010729,0.010729,7,0.001007,0,0.180952,19,0.053112
Bodil,,,12,15,4,0.453788,0.473289,20.849158,0.009658,0.009658,3,0.000812,0,0.30303,20,0.049517
Robin Williams,,,17,18,4,0.425426,0.452142,66.030959,0.012188,0.012188,3,0.001067,0,0.257353,35,0.06064
Aksel Sandemose,,,21,30,4,0.469436,0.490401,70.420929,0.016424,0.016424,3,0.001219,0,0.280952,59,0.083953
Tolderne,,,16,18,4,0.464341,0.483584,9.233044,0.016325,0.016325,4,0.000917,0,0.475,57,0.0816
Samaritaneren,,,18,36,4,0.470912,0.489705,1.832706,0.027241,0.027241,5,0.000958,0,0.797386,122,0.13383
Willy,,,6,8,5,0.361497,0.379021,5.448039,0.002387,0.002387,3,0.000541,0,0.066667,1,0.012567
Andreas Mogensen,,,17,20,4,0.453788,0.476071,114.292266,0.01183,0.01183,3,0.001091,0,0.242647,33,0.060125
Maude,,,9,13,4,0.457601,0.474402,12.585586,0.009852,0.009852,1,0.00067,0,0.388889,14,0.050284
Hyrden,,,29,56,4,0.481511,0.503617,25.14861,0.036171,0.036171,1,0.001419,0,0.583744,237,0.178143
Amos,,,21,24,4,0.473518,0.493322,44.313635,0.018514,0.018514,3,0.001169,0,0.328571,69,0.093883
Kejseren,,,28,42,4,0.473144,0.496939,105.536662,0.02221,0.02221,3,0.001537,0,0.28836,109,0.111419
Ole Jensen,,,5,6,5,0.387451,0.407958,10.605661,0.003651,0.003651,3,0.00055,0,0.2,2,0.018435
Frankl,,,5,6,4,0.43343,0.452282,0.589899,0.005082,0.005082,4,0.000461,0,0.4,4,0.025949
Simon af Kyrene,,,46,70,4,0.492599,0.520729,406.735626,0.036559,0.036559,3,0.00238,0,0.276329,286,0.182802
Morten Bisp,,,4,4,4,0.443047,0.460072,0.934689,0.005639,0.005639,3,0.00043,0,0.666667,4,0.029131
Alex,,,10,14,4,0.443047,0.463133,16.158739,0.008286,0.008286,3,0.000706,0,0.2,9,0.041992
Kay/Kaj,,,35,63,4,0.483065,0.508069,110.905391,0.035537,0.035537,4,0.001719,0,0.430252,256,0.175739
Tomas Sjødin,,,18,21,4,0.463981,0.484558,109.599036,0.016762,0.016762,3,0.001076,0,0.366013,56,0.083459
Bent Falk,,,32,38,4,0.483454,0.506678,554.581887,0.027968,0.027968,3,0.001813,0,0.28629,142,0.140881
Anders And,,,23,35,4,0.47277,0.49374,109.905335,0.022282,0.022282,3,0.00132,0,0.399209,101,0.111575
Klaus/Claus,,,63,97,4,0.503361,0.537423,302.124965,0.058296,0.058296,4,0.002934,0,0.35023,684,0.28811
Jørgensen,,,41,50,4,0.486992,0.51419,200.482739,0.033534,0.033534,3,0.002049,0,0.269512,221,0.168545
Jensen,,,54,67,4,0.496272,0.527824,552.024211,0.038379,0.038379,3,0.002795,0,0.222921,319,0.193931
Sankt Peter,,,45,75,4,0.493817,0.521007,56.978685,0.05073,0.05073,4,0.002071,0,0.535354,530,0.248745
Robert,,,25,32,4,0.471282,0.494157,82.793233,0.025927,0.025927,4,0.001342,0,0.413333,124,0.127891
Levi/Levi Tolderen,,,64,152,4,0.504634,0.538815,210.619211,0.068835,0.068835,4,0.00287,0,0.487103,982,0.336246
H.A. Brorson,,,79,200,4,0.518166,0.555787,524.677288,0.084428,0.084428,1,0.003491,0,0.479714,1478,0.411499
Astrid Lindgren,,,37,71,4,0.486992,0.511964,497.65154,0.040337,0.040337,4,0.001932,0,0.465465,310,0.199027
Lasse,,,17,18,4,0.462906,0.483027,45.04801,0.013372,0.013372,4,0.001042,0,0.264706,36,0.067729
Løgstrup,,,47,59,4,0.497095,0.524485,546.102911,0.038591,0.038591,3,0.002439,0,0.277521,300,0.193531
Lisbeth Smedegaard Andersen,,,29,39,4,0.481899,0.503895,195.925327,0.025672,0.025672,3,0.001596,0,0.317734,129,0.129172
Pave Frans,,,22,29,4,0.460061,0.483723,51.948231,0.017098,0.017098,3,0.001251,0,0.281385,65,0.086443
Salmisten,,,27,50,4,0.478053,0.499861,15.283781,0.035277,0.035277,1,0.001329,0,0.669516,235,0.173058
Mikkel,,,25,28,4,0.452417,0.479271,242.558356,0.015394,0.015394,3,0.001484,0,0.153333,46,0.07819
Frank Jæger,,,17,22,4,0.462906,0.483166,27.339811,0.016367,0.016367,3,0.000983,0,0.426471,58,0.082067
Mary,,,13,14,4,0.421534,0.44616,17.333576,0.008611,0.008611,3,0.000847,0,0.230769,18,0.043528
Pippi Langstrømpe,,,24,36,4,0.468335,0.491235,74.815277,0.022715,0.022715,4,0.001323,0,0.365942,101,0.112735
Kvirinius,,,19,29,4,0.439472,0.465081,116.744782,0.012886,0.012886,1,0.0012,0,0.263158,45,0.064747
Harry Potter,,,40,44,4,0.48898,0.515025,300.956467,0.029505,0.029505,3,0.002177,0,0.226923,177,0.14936
Cæsar,,,19,22,4,0.460769,0.48261,278.231948,0.015778,0.015778,3,0.001225,0,0.263158,45,0.079322
Robin Hood,,,14,22,4,0.462191,0.480801,25.807522,0.014152,0.014152,3,0.000892,0,0.395604,36,0.071375
Sebastian,,,18,19,4,0.467239,0.486923,35.278127,0.016661,0.016661,3,0.001064,0,0.346405,53,0.084357
Ben Hur,,,14,15,4,0.454132,0.47468,30.528136,0.011234,0.011234,3,0.000896,0,0.263736,24,0.057199
Donald Trump,,,39,52,4,0.486992,0.513077,289.280078,0.032604,0.032604,3,0.00202,0,0.28475,211,0.163187
Anders,,,58,76,4,0.502096,0.533806,665.634569,0.038273,0.038273,3,0.002933,0,0.196007,324,0.193809
Svend Brinkmann,,,56,73,4,0.498751,0.530467,788.594767,0.040288,0.040288,3,0.002972,0,0.231818,357,0.203015
missionæren,,,7,7,5,0.378157,0.399193,3.489838,0.004436,0.004436,3,0.000555,0,0.190476,4,0.02212
Englen,,,54,75,4,0.497508,0.528659,1015.984797,0.043557,0.043557,3,0.0029,0,0.280224,401,0.217718
Lotte Tarp,,,11,12,5,0.402283,0.427017,45.189362,0.006181,0.006181,3,0.000808,0,0.127273,7,0.031351
Marianne Jelved,,,5,5,4,0.363692,0.379939,11.701412,0.001902,0.001902,3,0.000548,0,0.1,1,0.010082
Cecilie,,,14,15,4,0.432803,0.456594,25.787035,0.009694,0.009694,3,0.000886,0,0.230769,21,0.049338
kongers,,,19,23,4,0.442066,0.467724,72.281979,0.015348,0.015348,1,0.001099,0,0.25731,44,0.076362
Rakel,,,25,49,4,0.453788,0.480523,84.357224,0.017582,0.017582,3,0.001389,0,0.24,72,0.088139
Julemanden,,,22,26,4,0.465062,0.487618,106.754707,0.01462,0.01462,3,0.001268,0,0.212121,49,0.074763
Dronning Margrethe,,,27,38,4,0.472397,0.495826,95.990244,0.022303,0.022303,3,0.00146,0,0.293447,103,0.112071
Rasmus Seebach,,,20,28,4,0.467239,0.488036,82.525027,0.013728,0.013728,3,0.001218,0,0.257895,49,0.070937
Zakæus,,,52,82,4,0.497508,0.527546,411.866179,0.043266,0.043266,3,0.002585,0,0.291855,387,0.216128
Gerda,,,19,31,4,0.435636,0.461742,113.436418,0.010481,0.010481,4,0.001204,0,0.157895,27,0.053622
Lisa,,,10,10,5,0.402554,0.425904,6.986832,0.005895,0.005895,3,0.000693,0,0.177778,8,0.030095
stig,,,24,26,4,0.449025,0.475932,40.418285,0.021163,0.021163,3,0.001271,0,0.34058,94,0.104363
Enken,,,42,61,4,0.483065,0.511964,362.974853,0.0327,0.0327,3,0.002199,0,0.250871,216,0.163089
Nielsen,,,45,50,3,0.493004,0.520312,659.871741,0.029941,0.029941,3,0.002413,0,0.19798,196,0.152571
Margrethe,,,46,57,4,0.492194,0.520451,421.204925,0.033014,0.033014,3,0.002416,0,0.22029,228,0.167524
Felix,,,8,9,4,0.421831,0.443378,14.949,0.008597,0.008597,2,0.000672,0,0.321429,9,0.042611
Alexander,,,27,32,4,0.475774,0.498331,137.377164,0.021513,0.021513,3,0.001507,0,0.2849,100,0.108813
Dronningen,,,35,44,4,0.485807,0.510017,144.016594,0.032436,0.032436,3,0.001788,0,0.351261,209,0.161941
Winston Churchill,,,15,20,4,0.457601,0.477741,27.571055,0.014307,0.014307,4,0.00092,0,0.361905,38,0.071426
Jeppe Aakjær,,,14,19,4,0.450715,0.471898,49.220616,0.008995,0.008995,3,0.000925,0,0.164835,15,0.046195
Agnes,,,18,19,4,0.453444,0.476349,72.439896,0.009814,0.009814,3,0.001144,0,0.189542,29,0.051065
Karl Barth,,,32,47,4,0.484236,0.507095,43.57409,0.034936,0.034936,3,0.001574,0,0.493952,245,0.173046
Pastor Storm,,,26,33,4,0.450376,0.478436,710.148686,0.017567,0.017567,3,0.001685,0,0.178462,58,0.088216
Dæmoner,,,12,14,4,0.460061,0.478019,32.198868,0.012518,0.012518,3,0.000803,0,0.378788,25,0.063296
Gandhi,,,23,33,4,0.460061,0.484418,191.275105,0.016282,0.016282,3,0.001363,0,0.213439,54,0.081953
Ida,,,30,41,4,0.471282,0.4968,378.518044,0.016269,0.016269,3,0.001756,0,0.144828,63,0.083815
Amalie,,,7,7,5,0.380801,0.401558,14.229668,0.002624,0.002624,3,0.00062,0,0.190476,4,0.014018
Alfred,,,12,19,4,0.397478,0.422231,35.028586,0.005751,0.005751,3,0.000845,0,0.121212,8,0.029461
Stalin,,,25,39,4,0.418004,0.449499,180.175922,0.010505,0.010505,7,0.001525,0,0.093333,28,0.054047
Saddam,,,9,12,4,0.446016,0.465081,8.164344,0.009311,0.009311,7,0.000642,0,0.444444,16,0.046735
Rasmus Klump,,,8,9,4,0.403367,0.425849,5.749527,0.00582,0.00582,3,0.000612,0,0.285714,8,0.029372
Johannes Sløk,,,13,14,4,0.458301,0.477323,61.654887,0.010911,0.010911,3,0.000879,0,0.358974,28,0.055821
Lis,,,4,4,4,0.348458,0.361575,1.593308,0.0016,0.0016,3,0.00044,0,0,0,0.008386
Viktor/Victor,,,34,51,4,0.483845,0.50793,90.35299,0.032317,0.032317,4,0.001717,0,0.360071,202,0.160676
Johanne,,,23,25,4,0.462191,0.485949,225.379248,0.019558,0.019558,3,0.001397,0,0.316206,80,0.098025
Bjarne Lenau Henriksen,,,8,12,4,0.445353,0.464246,10.676846,0.00754,0.00754,3,0.000625,0,0.25,7,0.038326
Niels Hausgaard,,,27,36,4,0.47277,0.496383,44.581744,0.029685,0.029685,3,0.001399,0,0.458689,161,0.1462
Andy,,,3,3,5,0.360409,0.37596,0.20255,0.002374,0.002374,3,0.000375,0,0,0,0.011691
Natanael,,,11,14,4,0.411967,0.436422,45.654778,0.007257,0.007257,3,0.000794,0,0.254545,14,0.036752
Ve,,,12,14,4,0.456555,0.475237,25.773297,0.011193,0.011193,3,0.000803,0,0.287879,19,0.056993
Isis,,,36,44,4,0.487388,0.511686,297.430301,0.03458,0.03458,3,0.001876,0,0.374603,236,0.172231
George Duckwitz,,,19,22,4,0.464701,0.485531,17.624559,0.022296,0.022296,4,0.00102,0,0.549708,94,0.109458
Noa,,,75,187,4,0.511966,0.549805,601.931934,0.077863,0.077863,1,0.003397,0,0.451171,1252,0.379644
Karl/Carl,,,54,78,4,0.5,0.530328,226.969751,0.048801,0.048801,4,0.002526,0,0.333333,477,0.241385
Immanuel,,,65,145,4,0.50634,0.540623,331.324826,0.071394,0.071394,1,0.002938,0,0.489423,1018,0.348777
Kant,,,10,13,4,0.455513,0.473289,4.501666,0.009867,0.009867,3,0.000689,0,0.511111,23,0.05016
Jeppe,,,19,20,4,0.461479,0.483027,48.294104,0.015856,0.015856,3,0.001102,0,0.274854,47,0.079968
Salome,,,15,32,5,0.446682,0.469588,109.195917,0.015661,0.015661,3,0.000941,0,0.485714,51,0.077843
Kristian Ditlev Jensen,,,4,4,4,0.364799,0.381886,1.498721,0.003078,0.003078,3,0.000432,0,0.166667,1,0.015091
Laurentius,,,10,10,4,0.439472,0.460211,112.298095,0.006337,0.006337,3,0.000801,0,0.133333,6,0.032691
Jonas Wergeland,,,6,8,5,0.386701,0.407958,1.921573,0.004039,0.004039,3,0.000514,0,0.333333,5,0.020468
Josva,,,23,28,4,0.470912,0.492487,169.287315,0.017949,0.017949,3,0.00139,0,0.280632,71,0.091431
Fru Zebedæus,,,12,23,5,0.415107,0.440234,21.953396,0.008536,0.008536,8,0.000822,0,0.212121,14,0.042521
Egon,,,15,19,4,0.452075,0.473428,41.5459,0.009706,0.009706,3,0.000959,0,0.190476,20,0.050014
Ejnar Mikkelsen,,,15,17,4,0.461835,0.481358,135.010845,0.013337,0.013337,3,0.001027,0,0.371429,39,0.068189
Platon,,,15,20,4,0.467969,0.48581,41.678753,0.014349,0.014349,3,0.000939,0,0.352381,37,0.072881
Jane,,,8,10,4,0.454476,0.47148,3.293475,0.00993,0.00993,3,0.000594,0,0.535714,15,0.050179
Efraim,,,12,13,4,0.448018,0.468559,45.719876,0.008348,0.008348,3,0.000817,0,0.242424,16,0.042708
Eigil,,,8,8,5,0.375549,0.396689,19.071725,0.003283,0.003283,3,0.000644,0,0.035714,1,0.017252
Zebedæus,,,9,18,4,0.418004,0.440595,12.393383,0.007019,0.007019,8,0.000674,0,0.305556,11,0.035359
Ernst,,,13,13,4,0.427552,0.451308,32.414272,0.008817,0.008817,3,0.000873,0,0.192308,15,0.044904
Odin,,,26,46,4,0.479584,0.500556,148.561825,0.02438,0.02438,3,0.001474,0,0.344615,112,0.122648
Oskar,,,9,9,4,0.430625,0.452003,1.562013,0.011017,0.011017,3,0.000617,0,0.611111,22,0.054356
Helena,,,10,11,5,0.391503,0.415331,14.286075,0.005776,0.005776,3,0.00071,0,0.133333,6,0.029043
KRISTINA,,,7,9,5,0.406102,0.428687,6.423004,0.005468,0.005468,3,0.000576,0,0.285714,6,0.027474
Bastian,,,11,11,4,0.415684,0.439482,17.143677,0.007013,0.007013,3,0.000763,0,0.236364,13,0.035747
Muhammed/Mohammed,,,64,113,4,0.505485,0.539371,183.744106,0.067437,0.067437,4,0.002863,0,0.447917,903,0.330249
Signe,,,31,32,4,0.471654,0.497635,251.503883,0.017901,0.017901,3,0.001765,0,0.193548,90,0.092263
Gus,,,12,14,4,0.458652,0.477184,11.710175,0.014004,0.014004,3,0.000778,0,0.545455,36,0.070025
Romerne,,,25,34,4,0.480353,0.500556,33.86648,0.029225,0.029225,3,0.001311,0,0.533333,160,0.14611
Todd,,,4,4,4,0.365467,0.381608,5.462655,0.001897,0.001897,3,0.00045,0,0.166667,1,0.009991
Laban,,,23,35,4,0.437546,0.465498,764.619061,0.007606,0.007606,3,0.001664,0,0.094862,24,0.04119
Cecilia,,,9,11,5,0.410274,0.433556,6.780759,0.008457,0.008457,4,0.000651,0,0.305556,11,0.041666
Walt,,,10,15,4,0.41396,0.437117,1105.357243,0.005396,0.005396,3,0.001122,0,0.2,9,0.027946
Sue,,,1,3,5,0.29291,0.301252,0,0.000073,0.000073,3,0.000346,0,0,0,0.000525
Ronja,,,10,16,4,0.454476,0.472454,5.570244,0.009494,0.009494,3,0.000686,0,0.422222,19,0.048085
Mathilde,,,11,12,4,0.427247,0.449917,9.092441,0.007373,0.007373,3,0.000743,0,0.254545,14,0.037566
Saul,,,40,48,4,0.47502,0.505147,355.639978,0.024329,0.024329,3,0.002153,0,0.182051,142,0.123638
John Lennon,,,19,20,4,0.465062,0.486088,42.092727,0.016507,0.016507,3,0.001105,0,0.304094,52,0.083151
Lone,,,25,30,4,0.467969,0.491792,69.64156,0.022231,0.022231,3,0.001378,0,0.34,102,0.111271
Sofie,,,27,30,4,0.476911,0.499165,162.178829,0.021479,0.021479,3,0.001509,0,0.273504,96,0.108944
Jan,,,21,26,4,0.469068,0.489983,88.836653,0.018115,0.018115,4,0.001197,0,0.314286,66,0.091388
Erik Hagens,,,17,23,4,0.460769,0.481636,13.110662,0.020606,0.020606,2,0.000948,0,0.551471,75,0.101064
Bente,,,9,11,4,0.452075,0.470228,2.004319,0.010778,0.010778,3,0.000626,0,0.583333,21,0.053975
Tim,,,38,47,4,0.492194,0.515999,315.340006,0.034256,0.034256,3,0.001994,0,0.342817,241,0.170506
Lloyd,,,3,4,5,0.380076,0.398637,1.150214,0.00256,0.00256,3,0.000405,0,0,0,0.012878
Emma,,,25,32,4,0.474268,0.496383,187.415889,0.021475,0.021475,3,0.001435,0,0.303333,91,0.108185
Anker Jørgensen,,,22,24,4,0.466511,0.48887,54.653257,0.019888,0.019888,3,0.001209,0,0.311688,72,0.099275
Ane Marie,,,20,23,4,0.439794,0.466472,47.859509,0.014434,0.014434,3,0.001154,0,0.247368,47,0.072448
Lucia,,,38,64,4,0.481899,0.508904,164.129898,0.037465,0.037465,4,0.001863,0,0.42532,299,0.183857
Clara,,,9,11,5,0.415107,0.438147,3.907097,0.00852,0.00852,3,0.000633,0,0.277778,10,0.042244
Titus,,,12,14,4,0.461835,0.47941,27.886254,0.010297,0.010297,3,0.00084,0,0.318182,21,0.053024
Elof Westergaard,,,12,14,4,0.449025,0.469533,290.529545,0.0088,0.008801,3,0.000972,0,0.287879,19,0.045203
Lisbeth,,,20,23,4,0.43343,0.460629,114.026142,0.013302,0.013302,3,0.001241,0,0.168421,32,0.066724
Lisbeth Zornig Andersen,,,8,10,4,0.382503,0.404424,7.422495,0.004172,0.004172,3,0.000618,0,0.25,7,0.02127
Mika,,,47,60,4,0.493817,0.52212,625.852458,0.034604,0.034604,3,0.002548,0,0.234968,254,0.174612
Jens Rosendal,,,29,38,4,0.486201,0.506956,140.844669,0.026632,0.026632,3,0.001583,0,0.310345,126,0.134552
Prædikeren,,,13,15,4,0.459004,0.47788,13.203682,0.015787,0.015787,4,0.00081,0,0.512821,40,0.078991
Amanda,,,12,12,4,0.418296,0.442265,31.285656,0.007544,0.007544,3,0.000843,0,0.212121,14,0.038494
Ludvig,,,23,27,4,0.466148,0.488731,174.650687,0.015252,0.015252,3,0.001383,0,0.181818,46,0.077814
Sokrates,,,18,22,5,0.410274,0.438982,58.992607,0.011652,0.011652,3,0.001077,0,0.20915,32,0.057668
Harald,,,17,21,4,0.461835,0.48261,209.926818,0.010081,0.010081,3,0.001205,0,0.183824,25,0.052948
Arthur,,,9,10,4,0.446016,0.46522,12.382631,0.008889,0.008889,4,0.000654,0,0.305556,11,0.044625
Bo,,,23,25,4,0.476911,0.496939,119.583369,0.020039,0.020039,3,0.001315,0,0.304348,77,0.101527
Karen,,,19,21,4,0.454476,0.477462,70.00012,0.010776,0.010776,3,0.001156,0,0.152047,26,0.055606
Konen,,,13,15,4,0.458652,0.47788,6.19453,0.014948,0.014948,3,0.000787,0,0.538462,42,0.074493
helle,,,75,87,3,0.515935,0.552031,1625.485343,0.05231,0.05231,3,0.0039,0,0.201441,559,0.263138
Marius Fiil,,,11,20,4,0.461124,0.478297,63.897927,0.010576,0.010576,3,0.000803,0,0.381818,21,0.054356
Marius,,,15,19,4,0.457951,0.47788,71.735488,0.009319,0.009319,3,0.001007,0,0.219048,23,0.048622
Daniel,,,49,80,4,0.497508,0.525737,56.28825,0.057692,0.057692,1,0.002204,0,0.561224,660,0.281957
Ingeborg,,,8,8,4,0.440765,0.460211,19.605088,0.007602,0.007602,4,0.000632,0,0.357143,10,0.038137
Joel,,,18,22,4,0.470912,0.489566,420.510343,0.014074,0.014074,3,0.001248,0,0.313725,48,0.072244
Mirjam,,,2,3,5,0.327501,0.335337,0.422222,0.000403,0.000403,3,0.000363,0,0,0,0.002308
Steen,,,22,25,3,0.468701,0.489983,194.106569,0.01546,0.01546,3,0.001378,0,0.207792,48,0.078789
Magnus Malm,,,13,15,4,0.431867,0.455342,36.659304,0.009968,0.009968,3,0.00085,0,0.25641,20,0.050226
Henri Nouwen,,,12,17,4,0.432491,0.455342,97.440026,0.009092,0.009092,3,0.000869,0,0.227273,15,0.046023
Knud,,,29,36,4,0.443704,0.474541,149.836252,0.014958,0.014958,3,0.00164,0,0.12069,49,0.076454
Albert Schweitzer,,,10,10,4,0.453444,0.471898,48.500085,0.010774,0.010774,3,0.000724,0,0.444444,20,0.054171
Tove,,,9,13,4,0.460061,0.47621,607.848563,0.011711,0.011711,3,0.000915,0,0.5,18,0.059292
Alfredo,,,1,1,5,0.315263,0.321007,0,0.000158,0.000158,3,0.000336,0,0,0,0.000907
Natan/Nathan,,,19,47,4,0.461479,0.483306,27.813975,0.017253,0.017253,1,0.001071,0,0.356725,61,0.086263
Teresa,,,25,28,4,0.473518,0.495548,118.737569,0.023152,0.023152,3,0.001367,0,0.363333,109,0.116063
Kam,,,6,8,4,0.369981,0.388843,7.712182,0.003654,0.003654,3,0.000574,0,0.266667,4,0.01809
Sigurd Barrett,,,6,11,4,0.436589,0.455481,22.115866,0.004985,0.004985,4,0.000584,0,0.266667,4,0.025651
popper,,,23,26,4,0.470912,0.492487,71.886159,0.023636,0.023636,3,0.001319,0,0.367589,93,0.117836
Nornegæst,,,4,6,4,0.43532,0.453255,22.592852,0.005695,0.005695,3,0.000479,0,0.5,3,0.02864
Hvide Krist,,,4,7,5,0.37768,0.396689,2.498406,0.002485,0.002485,3,0.000499,0,0.166667,1,0.012657
Trille,,,9,10,4,0.414533,0.437257,4.874304,0.006087,0.006087,3,0.000658,0,0.25,9,0.03112
Tolkien,,,10,12,4,0.418881,0.441848,21.632263,0.007529,0.007529,3,0.000751,0,0.288889,13,0.03789
Harry,,,15,16,4,0.430625,0.45576,86.842634,0.009266,0.009266,3,0.001034,0,0.228571,24,0.047397
Justin Bieber,,,12,13,4,0.446016,0.466611,717.085686,0.00706,0.00706,3,0.001155,0,0.181818,12,0.036596
Alicia,,,3,5,4,0.323959,0.333194,599.606072,0.000197,0.000197,3,0.000804,0,0,0,0.001539
Susan,,,10,16,4,0.443704,0.463829,68.603561,0.005237,0.005237,3,0.000774,0,0.288889,13,0.028022
Edmund,,,6,15,5,0.345643,0.359878,100.912646,0.00141,0.00141,3,0.000712,0,0.133333,2,0.007605
Lucy,,,2,7,5,0.296829,0.306539,2.764062,0.000092,0.000092,3,0.000447,0,0,0,0.000783
Tove Ditlevsen,,,12,12,5,0.402554,0.427991,20.876244,0.008047,0.008047,3,0.000796,0,0.151515,10,0.040072
Anton,,,21,24,4,0.464701,0.486784,439.349716,0.013633,0.013633,3,0.001356,0,0.219048,46,0.070188
Tommy,,,7,10,5,0.405277,0.427435,7.123559,0.004126,0.004126,3,0.000581,0,0.190476,4,0.02147
Samaritanerne,,,13,15,4,0.451394,0.471898,23.525661,0.011084,0.011084,3,0.000839,0,0.346154,27,0.056035
Nikolas,,,1,1,5,0.324485,0.331636,0,0.000323,0.000323,3,0.000301,0,0,0,0.001748
Julie,,,37,41,4,0.461835,0.4936,469.878651,0.017065,0.017065,3,0.002143,0,0.106607,71,0.088479
Inger,,,18,20,4,0.467969,0.487479,122.41797,0.014671,0.014671,3,0.001131,0,0.254902,39,0.074547
Marcus,,,12,12,4,0.461124,0.478854,108.447974,0.010997,0.010997,3,0.000856,0,0.318182,21,0.056109
Bartimæus,,,8,9,4,0.446682,0.46522,4.750561,0.010395,0.010395,1,0.000608,0,0.642857,18,0.051337
Joakim,,,40,50,4,0.485413,0.512521,190.009701,0.029228,0.029228,3,0.002053,0,0.260256,203,0.148334
Nuser,,,17,26,4,0.444692,0.46842,109.978468,0.014359,0.014359,3,0.001074,0,0.257353,35,0.071707
Allah,,,38,48,4,0.492194,0.515999,633.818974,0.035398,0.035398,3,0.002056,0,0.357041,251,0.176745
Joshua Bell,,,14,17,4,0.440441,0.463411,7.963889,0.014502,0.014502,3,0.000841,0,0.472527,43,0.071873
Gitte,,,8,9,4,0.455167,0.472176,2.436466,0.010663,0.010663,3,0.000599,0,0.607143,17,0.053691
Rembrandt,,,21,23,4,0.447683,0.473428,44.117936,0.016717,0.016717,3,0.001188,0,0.280952,59,0.083666
Per Ramsdal,,,20,25,4,0.465062,0.486644,228.480371,0.013614,0.013614,3,0.001316,0,0.2,38,0.069288
James Bond,,,31,37,4,0.486992,0.508486,812.520046,0.02272,0.02272,3,0.001911,0,0.232258,108,0.1157
Malthe,,,17,18,4,0.402013,0.429605,148.607177,0.006837,0.006837,3,0.001183,0,0.088235,12,0.03531
Joe,,,9,12,4,0.445022,0.464524,29.030165,0.006412,0.006412,4,0.000733,0,0.25,9,0.033216
Godsforvalteren,,,10,12,4,0.457252,0.47468,5.934591,0.010868,0.010868,3,0.000699,0,0.533333,24,0.055388
Eli,,,15,15,4,0.455513,0.476071,207.584249,0.008676,0.008676,3,0.001111,0,0.12381,13,0.045175
Niels Bohr,,,12,15,4,0.424522,0.448108,14.498097,0.010969,0.010969,2,0.000782,0,0.30303,20,0.054289
Peder,,,19,23,4,0.437865,0.464246,100.492663,0.01141,0.01141,3,0.001183,0,0.152047,26,0.05834
Lars Busk Sørensen,,,18,21,4,0.470173,0.489149,10.716331,0.020381,0.020381,3,0.001008,0,0.51634,79,0.101719
Grib,,,13,13,4,0.430625,0.45409,57.204897,0.010385,0.010385,3,0.000871,0,0.358974,28,0.052089
Morten,,,43,49,4,0.490581,0.517807,447.368078,0.031447,0.031447,3,0.002372,0,0.219269,198,0.159438
Nis Petersen,,,18,19,4,0.458301,0.480384,100.884595,0.01289,0.01289,3,0.00112,0,0.254902,39,0.06557
Peter Brandes,,,16,18,4,0.461479,0.481497,281.419922,0.010504,0.010504,3,0.001122,0,0.233333,28,0.054415
Peter Lund Madsen,,,15,17,4,0.460061,0.479827,31.720978,0.010123,0.010123,3,0.001011,0,0.266667,28,0.052494
Henriette,,,5,5,4,0.372976,0.392181,3.203128,0.003083,0.003083,3,0.000486,0,0.1,1,0.015552
George,,,22,28,4,0.428469,0.457429,234.236218,0.010536,0.010536,3,0.001427,0,0.099567,23,0.053923
Abbé Pierre,,,7,11,4,0.440118,0.459098,7.825829,0.005494,0.005494,3,0.000593,0,0.380952,8,0.028327
Mette,,,21,25,4,0.463981,0.486366,101.980763,0.013292,0.013292,3,0.001278,0,0.204762,43,0.068738
Ruth,,,12,13,5,0.398271,0.4234,107.077941,0.005819,0.005819,3,0.000918,0,0.090909,6,0.029762
Sønnerne,,,10,11,4,0.443704,0.463829,186.439614,0.008626,0.008626,3,0.00081,0,0.288889,13,0.043468
Boaz,,,3,3,5,0.325898,0.33453,1.165536,0.000448,0.000448,3,0.000441,0,0.333333,1,0.00262
Bubber,,,4,6,4,0.37205,0.389677,5.252711,0.003002,0.003002,3,0.000487,0,0.166667,1,0.014975
Ida Jessen,,,17,20,4,0.459004,0.480384,11.088563,0.018443,0.018443,4,0.000953,0,0.463235,63,0.091419
Gustav,,,10,11,4,0.448353,0.467724,16.712107,0.009071,0.009071,3,0.000743,0,0.266667,12,0.046049
Messi,,,10,10,4,0.445353,0.464942,35.422912,0.007863,0.007863,4,0.000761,0,0.266667,12,0.040167
Tomas Espedal,,,3,3,5,0.341505,0.352031,0.816102,0.001172,0.001172,3,0.000394,0,0,0,0.006057
Karl Marx,,,26,27,4,0.478817,0.5,675.356422,0.022581,0.022581,3,0.001633,0,0.323077,105,0.114393
Douglas,,,3,4,5,0.342873,0.354257,0.744867,0.001325,0.001325,3,0.000393,0,0,0,0.00683
Samson,,,10,10,4,0.403639,0.427935,19.97948,0.006169,0.006169,3,0.000733,0,0.244444,11,0.031322
Anne Sofie Seidelin,,,31,37,4,0.476531,0.501391,271.13212,0.021812,0.021812,3,0.001738,0,0.217204,101,0.110574
Grethe,,,21,23,4,0.470173,0.490818,128.968376,0.017029,0.017029,3,0.001262,0,0.266667,56,0.08609
Vismændene,,,26,35,4,0.456903,0.483166,19.738923,0.028698,0.028698,1,0.001294,0,0.56,182,0.139252
Digteren,,,23,24,4,0.428163,0.457846,64.335682,0.012584,0.012584,3,0.001286,0,0.110672,28,0.063637
Alice,,,12,12,4,0.451054,0.471202,159.654523,0.008542,0.008542,3,0.000998,0,0.19697,13,0.044046
Dora,,,4,4,5,0.346443,0.359961,3.884703,0.001112,0.001112,3,0.0006,0,0,0,0.006093
Maggie,,,3,3,4,0.440118,0.457012,46.060689,0.004926,0.004926,3,0.000462,0,0.333333,1,0.025456
Joy,,,8,8,4,0.44109,0.460629,3.741904,0.007105,0.007105,3,0.000616,0,0.428571,12,0.03606
Elin,,,2,2,5,0.361715,0.37749,0,0.002528,0.002528,4,0.000329,0,1,1,0.012258
Michael Falch,,,16,19,4,0.462191,0.482193,47.200921,0.018303,0.018303,3,0.000974,0,0.491667,59,0.090779
René Pamperin,,,8,10,4,0.440765,0.460211,5.268407,0.005819,0.005819,4,0.000623,0,0.25,7,0.030233
Josefine,,,15,17,4,0.428776,0.453673,39.811762,0.010794,0.010794,1,0.000957,0,0.247619,26,0.054151
Mahmoud,,,4,4,5,0.34209,0.353561,5.597454,0.000883,0.000883,3,0.000478,0,0,0,0.00496
Paven,,,18,25,4,0.472397,0.490818,227.208051,0.016564,0.016564,3,0.001158,0,0.333333,51,0.084451
Talsmanden,,,15,17,4,0.465785,0.48414,11.682252,0.017528,0.017528,4,0.000899,0,0.52381,55,0.087815
Aristoteles,,,16,21,4,0.434688,0.459933,137.340484,0.009687,0.009687,3,0.001119,0,0.191667,23,0.049708
Kongen,,,31,38,4,0.480353,0.503895,746.428925,0.026306,0.026306,3,0.001915,0,0.286022,133,0.132392
Dommeren,,,11,12,4,0.450715,0.470228,15.286074,0.010438,0.010438,3,0.000746,0,0.381818,21,0.052899
Don Camillo,,,8,9,5,0.413674,0.436617,1.939251,0.007689,0.007689,3,0.000589,0,0.535714,15,0.038285
drot,,,13,13,4,0.449025,0.470089,26.643434,0.00969,0.00969,3,0.000849,0,0.230769,18,0.049239
Iver,,,2,3,5,0.346644,0.358347,0.221935,0.00115,0.00115,3,0.000349,0,0,0,0.005872
Zeus,,,13,14,5,0.417713,0.443294,15.821092,0.009653,0.009653,3,0.000849,0,0.25641,20,0.048251
Clinton,,,11,14,4,0.389214,0.413328,28.829969,0.00456,0.00456,3,0.000791,0,0.109091,6,0.023713
Liam,,,5,5,5,0.351939,0.366917,2.614833,0.001805,0.001805,3,0.000495,0,0.2,2,0.009489
Timotheus,,,17,21,4,0.467239,0.486644,558.31837,0.018801,0.018801,3,0.00114,0,0.367647,50,0.094053
Johansen,,,5,6,5,0.385954,0.406288,4.678515,0.003424,0.003424,4,0.000501,0,0.2,2,0.017225
Profeten,,,35,46,4,0.475774,0.502782,170.530629,0.027029,0.027029,3,0.001832,0,0.240336,143,0.135175
Peter Plys,,,24,40,4,0.475774,0.496522,52.150073,0.029059,0.029059,1,0.001247,0,0.554348,153,0.142884
Ezekiel,,,25,34,4,0.474643,0.496522,387.278906,0.024438,0.024438,3,0.00147,0,0.37,111,0.121613
Bjarne,,,17,22,4,0.460769,0.481636,50.637978,0.017141,0.017141,3,0.001014,0,0.367647,50,0.085403
Steen Skovsgaard,,,11,11,4,0.457601,0.475654,14.929501,0.011789,0.011789,3,0.00077,0,0.490909,27,0.059544
Hanna/Hannah,,,17,25,4,0.469068,0.487618,12.750495,0.020099,0.020099,1,0.000963,0,0.5,68,0.099818
Ismael,,,6,12,4,0.409433,0.43044,7.067531,0.004196,0.004196,3,0.00054,0,0.466667,7,0.021688
Nora,,,7,7,4,0.446016,0.464246,2.815764,0.008766,0.008766,3,0.000547,0,0.47619,10,0.043917
Hannah Arendt,,,16,19,5,0.431556,0.457485,24.756145,0.012313,0.012313,3,0.000959,0,0.275,33,0.061711
Kirsten,,,17,19,4,0.45586,0.477462,29.101226,0.012636,0.012636,3,0.001001,0,0.308824,42,0.064359
Mia,,,9,9,4,0.361497,0.380217,51.002215,0.001833,0.001833,3,0.000814,0,0.055556,2,0.010473
Benjamin,,,24,28,4,0.472397,0.494018,318.696427,0.014045,0.014045,3,0.001612,0,0.177536,49,0.073029
Bruce,,,17,19,4,0.463622,0.483584,69.42316,0.013078,0.013078,3,0.001046,0,0.25,34,0.066629
Thor,,,23,38,4,0.466511,0.489427,338.951061,0.01202,0.01202,3,0.001512,0,0.181818,46,0.06316
Trine,,,10,15,4,0.403096,0.426962,44.736821,0.00449,0.00449,3,0.000781,0,0.133333,6,0.023616
Bob Dylan,,,11,11,4,0.436907,0.458542,129.864136,0.011351,0.011351,4,0.000823,0,0.381818,21,0.056354
Jonathan/Jonatan,,,24,35,4,0.47277,0.494435,44.212466,0.023037,0.023037,4,0.001302,0,0.391304,108,0.114835
Mao Zedong,,,36,65,4,0.485413,0.510295,41.805848,0.042758,0.042758,7,0.001699,0,0.565079,356,0.20968
Grosbøll,,,8,9,4,0.423322,0.44463,58.875445,0.006843,0.006843,3,0.000681,0,0.214286,6,0.034365
Mozart,,,11,11,4,0.428776,0.451447,43.63149,0.008958,0.008958,1,0.000816,0,0.272727,15,0.044798
Aastrup,,,16,21,4,0.465062,0.48414,39.638386,0.017326,0.017326,7,0.00098,0,0.475,57,0.086383
Ellen,,,5,5,4,0.434058,0.452838,2.825035,0.003883,0.003883,3,0.00052,0,0.4,4,0.020408
Guido,,,4,4,4,0.439472,0.457012,48.675054,0.005545,0.005545,3,0.0005,0,0.333333,2,0.028216
Scott,,,3,4,5,0.380801,0.399332,0.266842,0.002896,0.002896,3,0.000381,0,0.666667,2,0.014473
Montgomery,,,8,8,5,0.376493,0.397524,18.368538,0.003984,0.003984,4,0.000652,0,0.035714,1,0.020068
Mack,,,3,4,5,0.367936,0.384307,0.469751,0.00239,0.00239,3,0.00038,0,0,0,0.011865
Harald Blåtand,,,9,16,4,0.444692,0.463829,56.116865,0.007024,0.007024,3,0.000718,0,0.361111,13,0.036165
Poppo,,,6,13,4,0.349068,0.363662,7.059648,0.001144,0.001144,3,0.000585,0,0.133333,2,0.006789
Vinci,,,13,14,5,0.405003,0.430774,24.095162,0.006975,0.006975,3,0.000853,0,0.192308,15,0.035604
Yahya Hassan,,,7,7,4,0.376493,0.396912,33.450527,0.003089,0.003089,3,0.000622,0,0.142857,3,0.016138
Bertil,,,4,4,4,0.368615,0.385364,601.247778,0.001936,0.001936,3,0.000778,0,0,0,0.009984
Uffe,,,1,1,5,0.269456,0.276099,0,0.000026,0.000026,3,0.000418,0,0,0,0.000278
Mussolini,,,5,7,5,0.398802,0.419644,7.218999,0.003091,0.003091,7,0.000514,0,0.2,2,0.016123
Anders Lund Madsen,,,9,9,4,0.451054,0.469393,20.980017,0.008647,0.008647,3,0.000692,0,0.361111,13,0.044248
Batman,,,7,7,4,0.43915,0.458403,12.214107,0.005199,0.005199,3,0.000649,0,0.238095,5,0.027084
munken,,,10,12,4,0.445353,0.465359,15.963264,0.007164,0.007164,3,0.000739,0,0.288889,13,0.037133
Lars Løkke,,,21,23,3,0.473144,0.492766,155.832174,0.014322,0.014322,3,0.001322,0,0.214286,45,0.073913
kejserens,,,18,26,4,0.457252,0.47941,203.891378,0.012413,0.012413,3,0.001171,0,0.228758,35,0.063421
Kronos,,,3,3,4,0.433744,0.451447,0,0.004462,0.004462,3,0.000374,0,1,3,0.022794
Johannes Vig,,,9,10,5,0.397478,0.421174,13.412007,0.006475,0.006475,4,0.000679,0,0.222222,8,0.032277
Assad,,,16,19,4,0.445685,0.468837,39.441404,0.012268,0.012268,3,0.000991,0,0.275,33,0.062049
Kong Midas,,,3,4,5,0.335762,0.345075,1.479094,0.000844,0.000844,3,0.000407,0,0,0,0.004498
Sam,,,17,18,4,0.425729,0.452142,124.689143,0.007346,0.007346,3,0.001262,0,0.147059,20,0.038504
Pinocchio,,,4,4,4,0.409713,0.429605,2.102954,0.004419,0.004419,3,0.000437,0,0.5,3,0.022285
Dante,,,2,2,5,0.330028,0.338258,0.510256,0.000516,0.000516,3,0.000358,0,0,0,0.002831
Lot,,,10,11,4,0.398007,0.421814,35.580342,0.005627,0.005627,3,0.000767,0,0.311111,14,0.028509
Silas,,,12,14,4,0.454132,0.473567,57.013953,0.010952,0.010952,3,0.000853,0,0.348485,23,0.055774
Siri Hustvedt,,,6,6,5,0.364134,0.382081,15.773956,0.002278,0.002278,3,0.000589,0,0.066667,1,0.011897
Dorthe,,,5,5,4,0.368842,0.386477,2.801051,0.002375,0.002375,3,0.000491,0,0,0,0.012511
Sigurd,,,13,18,4,0.459356,0.478019,30.832116,0.013016,0.013016,4,0.000927,0,0.358974,28,0.065754
Eske Willerslev,,,7,8,4,0.438507,0.457846,24.463832,0.005533,0.005533,3,0.000617,0,0.333333,7,0.028571
Ingrid Betancourt,,,3,3,5,0.384961,0.404341,4.940861,0.003473,0.003473,3,0.000422,0,0.333333,1,0.017089
Søren Brun,,,6,12,4,0.35381,0.369644,7.898627,0.001735,0.001735,3,0.000576,0,0.2,3,0.009217
Urias,,,22,39,4,0.460061,0.483723,135.735754,0.017937,0.017937,3,0.001291,0,0.324675,75,0.090484
Birger,,,6,7,4,0.442393,0.46049,4.038187,0.007057,0.007057,1,0.000517,0,0.466667,7,0.035731
Benny,,,6,6,5,0.375784,0.395854,5.133885,0.003324,0.003324,3,0.000533,0,0,0,0.016861
Sofus/Sophus,,,13,18,4,0.463622,0.481497,5.913533,0.014654,0.014654,3,0.000794,0,0.487179,38,0.073523
Tornerose,,,7,9,4,0.357399,0.374374,14.805531,0.001812,0.001812,3,0.000667,0,0,0,0.010072
Janus,,,8,9,5,0.423322,0.44552,13.885174,0.007376,0.007376,3,0.00064,0,0.285714,8,0.037221
Adolf Eichmann,,,17,20,4,0.456555,0.478158,11.586774,0.016722,0.016722,4,0.000948,0,0.441176,60,0.082635
Solveig,,,4,6,5,0.372744,0.390428,3.676094,0.002096,0.002096,3,0.000451,0,0,0,0.010901
Mie,,,13,13,4,0.444362,0.466055,87.858697,0.006113,0.006113,3,0.000955,0,0.115385,9,0.032453
Grace,,,10,13,4,0.387702,0.410963,10.507676,0.00572,0.00572,3,0.000699,0,0.177778,8,0.028773
Elsa,,,7,8,4,0.437226,0.456316,623.466362,0.004513,0.004513,3,0.000882,0,0.190476,4,0.023695
Rafi,,,2,2,4,0.430316,0.44783,3.249687,0.002799,0.002799,7,0.000351,0,0,0,0.014724
Iselin,,,4,5,4,0.351732,0.365748,2.723222,0.00161,0.00161,3,0.000449,0,0.166667,1,0.008404
Thomas Kluge,,,5,5,4,0.451394,0.467168,0.284398,0.007848,0.007848,3,0.000459,0,0.7,7,0.039989
Randi,,,3,3,4,0.430935,0.448943,9.111907,0.002867,0.002867,2,0.000425,0,0,0,0.015212
Caspar,,,13,17,5,0.40776,0.433278,35.701133,0.007188,0.007188,3,0.000915,0,0.166667,13,0.036616
Carl Nielsen,,,10,12,5,0.404456,0.428408,54.822445,0.006739,0.006739,3,0.000818,0,0.155556,7,0.033748
Blicher,,,10,10,4,0.450038,0.468976,24.834592,0.008101,0.008101,3,0.000803,0,0.288889,13,0.041956
Thorvaldsen,,,11,11,4,0.451054,0.470646,15.842426,0.009496,0.009496,3,0.000792,0,0.345455,19,0.04845
Superman,,,6,6,4,0.436271,0.455064,3.162777,0.004867,0.004867,3,0.000551,0,0.4,6,0.025304
Hagar,,,9,11,4,0.409153,0.432387,11.131513,0.007173,0.007173,3,0.000671,0,0.416667,15,0.036065
Tiggeren,,,6,7,4,0.439472,0.457986,4.740588,0.005777,0.005777,4,0.000579,0,0.466667,7,0.029728
Nemo,,,3,3,4,0.354019,0.367835,1.390799,0.001873,0.001873,5,0.000389,0,0,0,0.009267
Lars Sandbeck,,,5,6,5,0.344451,0.358069,8.671488,0.001115,0.001115,3,0.000553,0,0.1,1,0.006195
Ole Sarvig,,,8,11,4,0.410555,0.432944,5.89324,0.006587,0.006587,3,0.00062,0,0.321429,9,0.032964
Bob,,,9,9,4,0.438507,0.45882,17.860625,0.010041,0.010041,3,0.000673,0,0.472222,17,0.050511
Sonja/Sonia,,,19,23,4,0.471282,0.49054,10.161344,0.023123,0.023123,3,0.001035,0,0.578947,99,0.114802
Vera,,,6,7,5,0.387451,0.408653,3.387362,0.004757,0.004757,3,0.000536,0,0.2,3,0.023566
Kim Jong,,,6,6,4,0.366585,0.384391,12.217227,0.00263,0.00263,3,0.000579,0,0.133333,2,0.013575
Oliver,,,9,9,4,0.379835,0.401224,11.885416,0.003328,0.003328,3,0.000683,0,0.166667,6,0.017924
Rachel Platten,,,7,8,4,0.437865,0.456873,628.312981,0.003421,0.003421,3,0.000947,0,0.142857,3,0.018617
Primo Levi,,,4,6,5,0.379354,0.398776,0.330161,0.003763,0.003763,2,0.000416,0,0.5,3,0.018694
Emily,,,4,4,5,0.355912,0.370812,7.738666,0.00167,0.00167,3,0.000473,0,0.166667,1,0.008672
Rafael,,,6,6,5,0.367259,0.385559,8.421017,0.00238,0.00238,3,0.000578,0,0.266667,4,0.012547
Jack,,,5,5,4,0.436271,0.454786,22.141135,0.003748,0.003748,3,0.000517,0,0.3,3,0.019864
Luke,,,6,6,5,0.359328,0.376516,7.233017,0.002329,0.002329,3,0.00055,0,0,0,0.012008
Kejser Konstantin,,,27,38,4,0.474643,0.497496,34.118471,0.025791,0.025791,4,0.001393,0,0.407407,143,0.128471
Akaz,,,4,4,5,0.356124,0.371647,0.403463,0.003049,0.003049,1,0.000418,0,0.333333,2,0.014829
Truman,,,2,3,5,0.348053,0.360239,0.30395,0.001333,0.001333,5,0.000347,0,0,0,0.006599
Springsteen,,,5,5,5,0.380317,0.400445,0.773239,0.004016,0.004016,3,0.000457,0,0.2,2,0.019953
Nicolaus/Nikolaus,,,12,16,4,0.457951,0.476628,3.857368,0.015184,0.015184,4,0.000749,0,0.666667,44,0.075593
Balder,,,7,8,4,0.457601,0.473428,5.797778,0.0109,0.0109,1,0.00055,0,0.666667,14,0.054901
Timothy Keller,,,7,7,5,0.376967,0.397245,6.354652,0.003641,0.003641,3,0.000581,0,0.095238,2,0.018552
Jepsen,,,3,3,5,0.375313,0.393907,0.168598,0.002326,0.002326,3,0.000389,0,0.666667,2,0.011911
Adriana,,,1,1,4,0.429083,0.44616,0,0.002654,0.002654,0,0.000294,0,0,0,0.013887
Stéphane Hessel,,,1,2,4,0.429083,0.44616,0,0.002654,0.002654,0,0.000294,0,0,0,0.013887
Max,,,7,7,5,0.390737,0.41241,5.838213,0.005433,0.005433,3,0.00056,0,0.238095,5,0.026882
Mohamed Merah,,,2,2,5,0.339185,0.349527,0.236252,0.001074,0.001074,3,0.000349,0,0,0,0.005289
Albert Göring,,,1,1,5,0.324134,0.331914,0,0.00048,0.00048,1,0.000296,0,0,0,0.00239
Coco,,,1,1,5,0.30437,0.311324,0,0.000061,0.000061,3,0.000358,0,0,0,0.000465
Kevin,,,7,9,4,0.379594,0.40039,11.387149,0.004239,0.004239,4,0.000588,0,0.047619,1,0.02118
Joe Hill,,,3,3,5,0.335762,0.345632,1.79905,0.000666,0.000666,3,0.000425,0,0,0,0.003745
Mynster,,,2,3,5,0.350088,0.362743,1.09833,0.001198,0.001198,3,0.00036,0,0,0,0.006099
Pocahontas,,,1,1,5,0.327681,0.334085,0,0.000306,0.000306,3,0.000302,0,0,0,0.001686
Regine,,,3,4,5,0.354228,0.36803,0.247076,0.001974,0.001974,3,0.000378,0,0.333333,1,0.009849
Faust,,,4,4,4,0.424221,0.443378,0,0.007146,0.007146,5,0.000408,0,1,6,0.035308
John Merrick,,,2,6,5,0.340728,0.35064,8.020981,0.000842,0.000842,3,0.000421,0,0,0,0.004349
Søren Huss,,,4,4,4,0.437865,0.45562,1.080406,0.005596,0.005596,4,0.000419,0,0.5,3,0.028279
Bileam,,,4,10,4,0.448353,0.464246,598,0.005585,0.005585,9,0.000725,0,0.5,3,0.028858
Balak,,,1,4,5,0.309721,0.315693,0,0.000075,0.000075,9,0.000405,0,0,0,0.000517
Dana,,,1,1,5,0.372281,0.388898,0,0.002001,0.002001,1,0.000289,0,0,0,0.009794
Nate,,,1,1,5,0.30468,0.311603,0,0.000046,0.000046,3,0.000366,0,0,0,0.000406
Dionysius,,,1,1,5,0.324661,0.331775,0,0.000354,0.000354,3,0.000303,0,0,0,0.00188
Malin,,,2,3,5,0.341895,0.352449,0,0.001194,0.001194,4,0.000337,0,1,1,0.006016
Sonia Brandes,,,4,5,5,0.331489,0.341597,9.862706,0.000567,0.000567,3,0.000606,0,0,0,0.003378
John Nash,,,1,2,5,0.24479,0.249082,0,0.000003,0.000003,3,0.000483,0,0,0,0.000173
Chavez,,,1,1,5,0.389974,0.408375,0,0.002257,0.002257,3,0.00029,0,0,0,0.011337
Anna Tuedatter,,,1,2,5,0.310685,0.319699,0,0.000236,0.000236,3,0.000305,0,0,0,0.001314
Per Smed,,,2,4,5,0.322563,0.33044,0,0.000302,0.000302,3,0.000374,0,1,1,0.001838
Lars Husum,,,2,2,5,0.337465,0.347969,0,0.000806,0.000806,4,0.000343,0,1,1,0.004221
Stig Weye,,,8,8,4,0.444692,0.463689,6.464129,0.009444,0.009444,4,0.000625,0,0.571429,16,0.046935
